0,1,2,3,4,5,6,7,8,9,10,11,12,13,14
161.0,-1.0,647.0,21.0,43.0,104.0,0.6435022354125977,-1.0,-1.0,-1.0,647.0,21.0,0.0,0.0,-1.0
164.0,-1.0,639.0,18.0,43.0,102.0,0.5906631946563721,-1.0,-1.0,-1.0,639.0,18.0,0.0,0.0,-1.0
165.0,-1.0,640.0,17.0,43.0,106.0,0.9809437394142151,-1.0,-1.0,-1.0,640.0,17.0,0.0,0.0,-1.0
166.0,-1.0,642.0,19.0,41.0,112.0,0.9247985482215881,-1.0,-1.0,-1.0,642.0,19.0,0.0,0.0,-1.0
167.0,-1.0,639.0,15.0,44.0,111.0,0.9454033970832825,-1.0,-1.0,-1.0,639.0,15.0,0.0,0.0,-1.0
168.0,-1.0,637.0,15.0,45.0,113.0,0.9241648316383362,-1.0,-1.0,-1.0,637.0,15.0,0.0,0.0,-1.0
169.0,-1.0,636.0,16.0,44.0,113.0,0.9718344807624817,-1.0,-1.0,-1.0,636.0,16.0,0.0,0.0,-1.0
170.0,-1.0,637.0,14.0,44.0,115.0,0.9655869603157043,-1.0,-1.0,-1.0,637.0,14.0,0.0,0.0,-1.0
171.0,-1.0,636.0,12.0,49.0,118.0,0.9754423499107361,-1.0,-1.0,-1.0,636.0,12.0,0.0,0.0,-1.0
172.0,-1.0,635.0,13.0,50.0,114.0,0.9800074696540833,-1.0,-1.0,-1.0,635.0,13.0,0.0,0.0,-1.0
173.0,-1.0,633.0,11.0,50.0,114.0,0.9766581654548645,-1.0,-1.0,-1.0,633.0,11.0,0.0,0.0,-1.0
174.0,-1.0,632.0,12.0,47.0,115.0,0.9756264686584473,-1.0,-1.0,-1.0,632.0,12.0,0.0,0.0,-1.0
175.0,-1.0,633.0,12.0,46.0,116.0,0.9636587500572205,-1.0,-1.0,-1.0,633.0,12.0,0.0,0.0,-1.0
176.0,-1.0,631.0,12.0,49.0,114.0,0.9272902607917786,-1.0,-1.0,-1.0,631.0,12.0,0.0,0.0,-1.0
177.0,-1.0,630.0,15.0,44.0,117.0,0.9816858768463135,-1.0,-1.0,-1.0,630.0,15.0,0.0,0.0,-1.0
178.0,-1.0,628.0,14.0,46.0,119.0,0.9758265614509583,-1.0,-1.0,-1.0,628.0,14.0,0.0,0.0,-1.0
179.0,-1.0,623.0,19.0,47.0,119.0,0.9741472601890564,-1.0,-1.0,-1.0,623.0,19.0,0.0,0.0,-1.0
180.0,-1.0,619.0,15.0,56.0,123.0,0.9671293497085571,-1.0,-1.0,-1.0,619.0,15.0,0.0,0.0,-1.0
181.0,-1.0,617.0,12.0,60.0,126.0,0.9718685746192932,-1.0,-1.0,-1.0,617.0,12.0,0.0,0.0,-1.0
182.0,-1.0,616.0,16.0,53.0,122.0,0.9554613828659058,-1.0,-1.0,-1.0,616.0,16.0,0.0,0.0,-1.0
183.0,-1.0,616.0,17.0,53.0,119.0,0.955429196357727,-1.0,-1.0,-1.0,616.0,17.0,0.0,0.0,-1.0
184.0,-1.0,613.0,17.0,51.0,120.0,0.9658026099205017,-1.0,-1.0,-1.0,613.0,17.0,0.0,0.0,-1.0
185.0,-1.0,612.0,17.0,52.0,121.0,0.9725852608680725,-1.0,-1.0,-1.0,612.0,17.0,0.0,0.0,-1.0
186.0,-1.0,611.0,15.0,52.0,123.0,0.9600021243095398,-1.0,-1.0,-1.0,611.0,15.0,0.0,0.0,-1.0
186.0,-1.0,661.0,12.0,49.0,104.0,0.6151744723320007,-1.0,-1.0,-1.0,661.0,12.0,0.0,0.0,-1.0
187.0,-1.0,610.0,16.0,51.0,123.0,0.9722610712051392,-1.0,-1.0,-1.0,610.0,16.0,0.0,0.0,-1.0
187.0,-1.0,656.0,7.0,46.0,111.0,0.6556451916694641,-1.0,-1.0,-1.0,656.0,7.0,0.0,0.0,-1.0
188.0,-1.0,608.0,14.0,54.0,127.0,0.9745099544525146,-1.0,-1.0,-1.0,608.0,14.0,0.0,0.0,-1.0
188.0,-1.0,660.0,8.0,47.0,113.0,0.7324157357215881,-1.0,-1.0,-1.0,660.0,8.0,0.0,0.0,-1.0
189.0,-1.0,605.0,14.0,56.0,132.0,0.9618042707443237,-1.0,-1.0,-1.0,605.0,14.0,0.0,0.0,-1.0
189.0,-1.0,659.0,8.0,47.0,111.0,0.8025444746017456,-1.0,-1.0,-1.0,659.0,8.0,0.0,0.0,-1.0
190.0,-1.0,607.0,16.0,56.0,129.0,0.9493894577026367,-1.0,-1.0,-1.0,607.0,16.0,0.0,0.0,-1.0
190.0,-1.0,660.0,12.0,46.0,110.0,0.771660566329956,-1.0,-1.0,-1.0,660.0,12.0,0.0,0.0,-1.0
191.0,-1.0,611.0,19.0,48.0,124.0,0.9442733526229858,-1.0,-1.0,-1.0,611.0,19.0,0.0,0.0,-1.0
191.0,-1.0,653.0,10.0,54.0,115.0,0.8635558485984802,-1.0,-1.0,-1.0,653.0,10.0,0.0,0.0,-1.0
192.0,-1.0,613.0,21.0,46.0,121.0,0.9546048045158386,-1.0,-1.0,-1.0,613.0,21.0,0.0,0.0,-1.0
192.0,-1.0,652.0,12.0,54.0,113.0,0.7701800465583801,-1.0,-1.0,-1.0,652.0,12.0,0.0,0.0,-1.0
193.0,-1.0,610.0,20.0,48.0,125.0,0.9290297031402588,-1.0,-1.0,-1.0,610.0,20.0,0.0,0.0,-1.0
193.0,-1.0,649.0,5.0,56.0,119.0,0.5471494197845459,-1.0,-1.0,-1.0,649.0,5.0,0.0,0.0,-1.0
194.0,-1.0,615.0,23.0,45.0,124.0,0.9475664496421814,-1.0,-1.0,-1.0,615.0,23.0,0.0,0.0,-1.0
194.0,-1.0,644.0,2.0,55.0,128.0,0.7509067058563232,-1.0,-1.0,-1.0,644.0,2.0,0.0,0.0,-1.0
195.0,-1.0,611.0,20.0,48.0,128.0,0.9206294417381287,-1.0,-1.0,-1.0,611.0,20.0,0.0,0.0,-1.0
195.0,-1.0,644.0,3.0,54.0,131.0,0.8400066494941711,-1.0,-1.0,-1.0,644.0,3.0,0.0,0.0,-1.0
196.0,-1.0,610.0,19.0,50.0,128.0,0.9237399101257324,-1.0,-1.0,-1.0,610.0,19.0,0.0,0.0,-1.0
196.0,-1.0,645.0,5.0,51.0,127.0,0.7506720423698425,-1.0,-1.0,-1.0,645.0,5.0,0.0,0.0,-1.0
197.0,-1.0,613.0,21.0,47.0,126.0,0.901338517665863,-1.0,-1.0,-1.0,613.0,21.0,0.0,0.0,-1.0
197.0,-1.0,642.0,2.0,50.0,135.0,0.8209935426712036,-1.0,-1.0,-1.0,642.0,2.0,0.0,0.0,-1.0
198.0,-1.0,614.0,20.0,47.0,128.0,0.9092081189155579,-1.0,-1.0,-1.0,614.0,20.0,0.0,0.0,-1.0
198.0,-1.0,641.0,5.0,46.0,124.0,0.5171433687210083,-1.0,-1.0,-1.0,641.0,5.0,0.0,0.0,-1.0
199.0,-1.0,614.0,20.0,48.0,128.0,0.9354007840156555,-1.0,-1.0,-1.0,614.0,20.0,0.0,0.0,-1.0
199.0,-1.0,644.0,4.0,42.0,126.0,0.5387257933616638,-1.0,-1.0,-1.0,644.0,4.0,0.0,0.0,-1.0
200.0,-1.0,613.0,18.0,49.0,133.0,0.9506484866142273,-1.0,-1.0,-1.0,613.0,18.0,0.0,0.0,-1.0
201.0,-1.0,613.0,21.0,50.0,137.0,0.9741417169570923,-1.0,-1.0,-1.0,613.0,21.0,0.0,0.0,-1.0
202.0,-1.0,613.0,22.0,50.0,135.0,0.9572012424468994,-1.0,-1.0,-1.0,613.0,22.0,0.0,0.0,-1.0
203.0,-1.0,613.0,22.0,49.0,138.0,0.961670458316803,-1.0,-1.0,-1.0,613.0,22.0,0.0,0.0,-1.0
204.0,-1.0,612.0,24.0,52.0,139.0,0.969391942024231,-1.0,-1.0,-1.0,612.0,24.0,0.0,0.0,-1.0
205.0,-1.0,611.0,24.0,53.0,143.0,0.9795937538146973,-1.0,-1.0,-1.0,611.0,24.0,0.0,0.0,-1.0
206.0,-1.0,611.0,23.0,52.0,142.0,0.9780882596969604,-1.0,-1.0,-1.0,611.0,23.0,0.0,0.0,-1.0
207.0,-1.0,610.0,26.0,53.0,139.0,0.9843311905860901,-1.0,-1.0,-1.0,610.0,26.0,0.0,0.0,-1.0
208.0,-1.0,613.0,24.0,53.0,144.0,0.9831099510192871,-1.0,-1.0,-1.0,613.0,24.0,0.0,0.0,-1.0
209.0,-1.0,612.0,23.0,53.0,144.0,0.9879868626594543,-1.0,-1.0,-1.0,612.0,23.0,0.0,0.0,-1.0
210.0,-1.0,613.0,24.0,54.0,142.0,0.9869488477706909,-1.0,-1.0,-1.0,613.0,24.0,0.0,0.0,-1.0
211.0,-1.0,613.0,22.0,54.0,145.0,0.9875710010528564,-1.0,-1.0,-1.0,613.0,22.0,0.0,0.0,-1.0
212.0,-1.0,613.0,24.0,53.0,144.0,0.9891046285629272,-1.0,-1.0,-1.0,613.0,24.0,0.0,0.0,-1.0
213.0,-1.0,613.0,28.0,54.0,143.0,0.988799512386322,-1.0,-1.0,-1.0,613.0,28.0,0.0,0.0,-1.0
214.0,-1.0,613.0,29.0,53.0,143.0,0.9895992279052734,-1.0,-1.0,-1.0,613.0,29.0,0.0,0.0,-1.0
215.0,-1.0,613.0,30.0,52.0,144.0,0.9916180968284607,-1.0,-1.0,-1.0,613.0,30.0,0.0,0.0,-1.0
216.0,-1.0,615.0,31.0,53.0,147.0,0.9909766912460327,-1.0,-1.0,-1.0,615.0,31.0,0.0,0.0,-1.0
217.0,-1.0,616.0,29.0,54.0,150.0,0.9917553663253784,-1.0,-1.0,-1.0,616.0,29.0,0.0,0.0,-1.0
218.0,-1.0,616.0,29.0,57.0,152.0,0.989956259727478,-1.0,-1.0,-1.0,616.0,29.0,0.0,0.0,-1.0
219.0,-1.0,617.0,30.0,55.0,148.0,0.9917005896568298,-1.0,-1.0,-1.0,617.0,30.0,0.0,0.0,-1.0
220.0,-1.0,619.0,31.0,55.0,148.0,0.9836306571960449,-1.0,-1.0,-1.0,619.0,31.0,0.0,0.0,-1.0
221.0,-1.0,622.0,34.0,53.0,146.0,0.9860516786575317,-1.0,-1.0,-1.0,622.0,34.0,0.0,0.0,-1.0
221.0,-1.0,655.0,30.0,35.0,127.0,0.6971470713615417,-1.0,-1.0,-1.0,655.0,30.0,0.0,0.0,-1.0
222.0,-1.0,622.0,33.0,56.0,149.0,0.9858669638633728,-1.0,-1.0,-1.0,622.0,33.0,0.0,0.0,-1.0
222.0,-1.0,658.0,22.0,35.0,138.0,0.5750694274902344,-1.0,-1.0,-1.0,658.0,22.0,0.0,0.0,-1.0
223.0,-1.0,623.0,34.0,54.0,150.0,0.9887259602546692,-1.0,-1.0,-1.0,623.0,34.0,0.0,0.0,-1.0
224.0,-1.0,621.0,37.0,55.0,154.0,0.9747767448425293,-1.0,-1.0,-1.0,621.0,37.0,0.0,0.0,-1.0
224.0,-1.0,658.0,16.0,37.0,120.0,0.6063737273216248,-1.0,-1.0,-1.0,658.0,16.0,0.0,0.0,-1.0
225.0,-1.0,622.0,41.0,52.0,151.0,0.9707456231117249,-1.0,-1.0,-1.0,622.0,41.0,0.0,0.0,-1.0
225.0,-1.0,654.0,23.0,47.0,129.0,0.6495590806007385,-1.0,-1.0,-1.0,654.0,23.0,0.0,0.0,-1.0
225.0,-1.0,640.0,27.0,47.0,151.0,0.5272911190986633,-1.0,-1.0,-1.0,640.0,27.0,0.0,0.0,-1.0
226.0,-1.0,622.0,42.0,55.0,157.0,0.9423618316650391,-1.0,-1.0,-1.0,622.0,42.0,0.0,0.0,-1.0
226.0,-1.0,634.0,30.0,54.0,163.0,0.7797421813011169,-1.0,-1.0,-1.0,634.0,30.0,0.0,0.0,-1.0
227.0,-1.0,622.0,43.0,54.0,154.0,0.959663987159729,-1.0,-1.0,-1.0,622.0,43.0,0.0,0.0,-1.0
227.0,-1.0,637.0,32.0,51.0,158.0,0.7281696796417236,-1.0,-1.0,-1.0,637.0,32.0,0.0,0.0,-1.0
227.0,-1.0,655.0,25.0,48.0,116.0,0.6072703003883362,-1.0,-1.0,-1.0,655.0,25.0,0.0,0.0,-1.0
228.0,-1.0,618.0,42.0,62.0,159.0,0.9355783462524414,-1.0,-1.0,-1.0,618.0,42.0,0.0,0.0,-1.0
228.0,-1.0,631.0,38.0,65.0,153.0,0.5447033047676086,-1.0,-1.0,-1.0,631.0,38.0,0.0,0.0,-1.0
229.0,-1.0,618.0,44.0,58.0,157.0,0.9480011463165283,-1.0,-1.0,-1.0,618.0,44.0,0.0,0.0,-1.0
229.0,-1.0,657.0,28.0,49.0,120.0,0.7325926423072815,-1.0,-1.0,-1.0,657.0,28.0,0.0,0.0,-1.0
230.0,-1.0,618.0,43.0,56.0,158.0,0.9640225172042847,-1.0,-1.0,-1.0,618.0,43.0,0.0,0.0,-1.0
230.0,-1.0,657.0,29.0,48.0,126.0,0.7594960331916809,-1.0,-1.0,-1.0,657.0,29.0,0.0,0.0,-1.0
230.0,-1.0,646.0,33.0,47.0,152.0,0.7160129547119141,-1.0,-1.0,-1.0,646.0,33.0,0.0,0.0,-1.0
230.0,-1.0,634.0,36.0,47.0,160.0,0.5259140729904175,-1.0,-1.0,-1.0,634.0,36.0,0.0,0.0,-1.0
231.0,-1.0,617.0,45.0,57.0,155.0,0.9596813321113586,-1.0,-1.0,-1.0,617.0,45.0,0.0,0.0,-1.0
231.0,-1.0,643.0,34.0,50.0,152.0,0.8462888598442078,-1.0,-1.0,-1.0,643.0,34.0,0.0,0.0,-1.0
231.0,-1.0,651.0,28.0,56.0,133.0,0.8424050211906433,-1.0,-1.0,-1.0,651.0,28.0,0.0,0.0,-1.0
232.0,-1.0,619.0,44.0,56.0,157.0,0.986403226852417,-1.0,-1.0,-1.0,619.0,44.0,0.0,0.0,-1.0
232.0,-1.0,655.0,26.0,52.0,135.0,0.9204179048538208,-1.0,-1.0,-1.0,655.0,26.0,0.0,0.0,-1.0
232.0,-1.0,633.0,39.0,51.0,153.0,0.88554447889328,-1.0,-1.0,-1.0,633.0,39.0,0.0,0.0,-1.0
233.0,-1.0,618.0,43.0,61.0,158.0,0.984524667263031,-1.0,-1.0,-1.0,618.0,43.0,0.0,0.0,-1.0
233.0,-1.0,657.0,24.0,50.0,136.0,0.9004864692687988,-1.0,-1.0,-1.0,657.0,24.0,0.0,0.0,-1.0
234.0,-1.0,620.0,46.0,62.0,156.0,0.9704198241233826,-1.0,-1.0,-1.0,620.0,46.0,0.0,0.0,-1.0
234.0,-1.0,655.0,25.0,55.0,135.0,0.9019337296485901,-1.0,-1.0,-1.0,655.0,25.0,0.0,0.0,-1.0
235.0,-1.0,624.0,44.0,59.0,161.0,0.9737147688865662,-1.0,-1.0,-1.0,624.0,44.0,0.0,0.0,-1.0
235.0,-1.0,638.0,36.0,54.0,162.0,0.9659724235534668,-1.0,-1.0,-1.0,638.0,36.0,0.0,0.0,-1.0
235.0,-1.0,656.0,26.0,58.0,152.0,0.871722400188446,-1.0,-1.0,-1.0,656.0,26.0,0.0,0.0,-1.0
236.0,-1.0,625.0,43.0,59.0,165.0,0.9773144125938416,-1.0,-1.0,-1.0,625.0,43.0,0.0,0.0,-1.0
236.0,-1.0,656.0,25.0,56.0,149.0,0.9011662602424622,-1.0,-1.0,-1.0,656.0,25.0,0.0,0.0,-1.0
237.0,-1.0,627.0,50.0,58.0,160.0,0.9810265302658081,-1.0,-1.0,-1.0,627.0,50.0,0.0,0.0,-1.0
237.0,-1.0,658.0,23.0,56.0,147.0,0.9324118494987488,-1.0,-1.0,-1.0,658.0,23.0,0.0,0.0,-1.0
238.0,-1.0,631.0,45.0,51.0,164.0,0.9833510518074036,-1.0,-1.0,-1.0,631.0,45.0,0.0,0.0,-1.0
238.0,-1.0,662.0,25.0,51.0,145.0,0.9429487586021423,-1.0,-1.0,-1.0,662.0,25.0,0.0,0.0,-1.0
239.0,-1.0,631.0,50.0,52.0,163.0,0.986035943031311,-1.0,-1.0,-1.0,631.0,50.0,0.0,0.0,-1.0
239.0,-1.0,659.0,26.0,57.0,146.0,0.955878734588623,-1.0,-1.0,-1.0,659.0,26.0,0.0,0.0,-1.0
240.0,-1.0,632.0,50.0,53.0,164.0,0.9824449419975281,-1.0,-1.0,-1.0,632.0,50.0,0.0,0.0,-1.0
240.0,-1.0,659.0,30.0,58.0,150.0,0.9200164675712585,-1.0,-1.0,-1.0,659.0,30.0,0.0,0.0,-1.0
241.0,-1.0,636.0,51.0,50.0,165.0,0.980652928352356,-1.0,-1.0,-1.0,636.0,51.0,0.0,0.0,-1.0
241.0,-1.0,660.0,31.0,57.0,145.0,0.9365155696868896,-1.0,-1.0,-1.0,660.0,31.0,0.0,0.0,-1.0
242.0,-1.0,636.0,53.0,51.0,168.0,0.9762376546859741,-1.0,-1.0,-1.0,636.0,53.0,0.0,0.0,-1.0
242.0,-1.0,662.0,37.0,52.0,155.0,0.901129961013794,-1.0,-1.0,-1.0,662.0,37.0,0.0,0.0,-1.0
243.0,-1.0,634.0,54.0,54.0,168.0,0.9638932943344116,-1.0,-1.0,-1.0,634.0,54.0,0.0,0.0,-1.0
243.0,-1.0,666.0,40.0,51.0,152.0,0.8086883425712585,-1.0,-1.0,-1.0,666.0,40.0,0.0,0.0,-1.0
244.0,-1.0,632.0,51.0,57.0,170.0,0.9809874296188354,-1.0,-1.0,-1.0,632.0,51.0,0.0,0.0,-1.0
244.0,-1.0,675.0,32.0,52.0,147.0,0.9033223390579224,-1.0,-1.0,-1.0,675.0,32.0,0.0,0.0,-1.0
245.0,-1.0,632.0,55.0,59.0,163.0,0.9895418882369995,-1.0,-1.0,-1.0,632.0,55.0,0.0,0.0,-1.0
245.0,-1.0,675.0,32.0,51.0,147.0,0.9373205900192261,-1.0,-1.0,-1.0,675.0,32.0,0.0,0.0,-1.0
246.0,-1.0,632.0,49.0,65.0,173.0,0.9942620992660522,-1.0,-1.0,-1.0,632.0,49.0,0.0,0.0,-1.0
246.0,-1.0,676.0,33.0,49.0,145.0,0.8977003693580627,-1.0,-1.0,-1.0,676.0,33.0,0.0,0.0,-1.0
247.0,-1.0,632.0,51.0,66.0,174.0,0.9955268502235413,-1.0,-1.0,-1.0,632.0,51.0,0.0,0.0,-1.0
247.0,-1.0,676.0,35.0,51.0,141.0,0.8620675802230835,-1.0,-1.0,-1.0,676.0,35.0,0.0,0.0,-1.0
248.0,-1.0,631.0,53.0,68.0,174.0,0.9954093098640442,-1.0,-1.0,-1.0,631.0,53.0,0.0,0.0,-1.0
248.0,-1.0,663.0,40.0,60.0,156.0,0.7683284282684326,-1.0,-1.0,-1.0,663.0,40.0,0.0,0.0,-1.0
248.0,-1.0,677.0,34.0,54.0,134.0,0.6752314567565918,-1.0,-1.0,-1.0,677.0,34.0,0.0,0.0,-1.0
249.0,-1.0,629.0,53.0,68.0,176.0,0.9934304356575012,-1.0,-1.0,-1.0,629.0,53.0,0.0,0.0,-1.0
249.0,-1.0,674.0,36.0,55.0,141.0,0.8204920291900635,-1.0,-1.0,-1.0,674.0,36.0,0.0,0.0,-1.0
250.0,-1.0,630.0,55.0,69.0,177.0,0.9941188097000122,-1.0,-1.0,-1.0,630.0,55.0,0.0,0.0,-1.0
250.0,-1.0,674.0,32.0,54.0,149.0,0.822146475315094,-1.0,-1.0,-1.0,674.0,32.0,0.0,0.0,-1.0
251.0,-1.0,631.0,61.0,67.0,176.0,0.9883838891983032,-1.0,-1.0,-1.0,631.0,61.0,0.0,0.0,-1.0
251.0,-1.0,669.0,31.0,62.0,156.0,0.9108734726905823,-1.0,-1.0,-1.0,669.0,31.0,0.0,0.0,-1.0
252.0,-1.0,634.0,63.0,62.0,180.0,0.9910200238227844,-1.0,-1.0,-1.0,634.0,63.0,0.0,0.0,-1.0
252.0,-1.0,671.0,26.0,59.0,164.0,0.9661476612091064,-1.0,-1.0,-1.0,671.0,26.0,0.0,0.0,-1.0
253.0,-1.0,635.0,62.0,61.0,179.0,0.9899114966392517,-1.0,-1.0,-1.0,635.0,62.0,0.0,0.0,-1.0
253.0,-1.0,670.0,26.0,60.0,167.0,0.9663903117179871,-1.0,-1.0,-1.0,670.0,26.0,0.0,0.0,-1.0
253.0,-1.0,653.0,44.0,65.0,178.0,0.9453130960464478,-1.0,-1.0,-1.0,653.0,44.0,0.0,0.0,-1.0
254.0,-1.0,636.0,62.0,64.0,181.0,0.9867945313453674,-1.0,-1.0,-1.0,636.0,62.0,0.0,0.0,-1.0
254.0,-1.0,651.0,43.0,66.0,188.0,0.976504385471344,-1.0,-1.0,-1.0,651.0,43.0,0.0,0.0,-1.0
254.0,-1.0,664.0,26.0,65.0,176.0,0.9365921020507812,-1.0,-1.0,-1.0,664.0,26.0,0.0,0.0,-1.0
255.0,-1.0,635.0,67.0,60.0,180.0,0.9858067035675049,-1.0,-1.0,-1.0,635.0,67.0,0.0,0.0,-1.0
255.0,-1.0,648.0,48.0,64.0,186.0,0.9769476652145386,-1.0,-1.0,-1.0,648.0,48.0,0.0,0.0,-1.0
255.0,-1.0,661.0,26.0,73.0,183.0,0.9548660516738892,-1.0,-1.0,-1.0,661.0,26.0,0.0,0.0,-1.0
256.0,-1.0,632.0,66.0,60.0,182.0,0.9866399168968201,-1.0,-1.0,-1.0,632.0,66.0,0.0,0.0,-1.0
256.0,-1.0,655.0,25.0,77.0,180.0,0.9740714430809021,-1.0,-1.0,-1.0,655.0,25.0,0.0,0.0,-1.0
257.0,-1.0,632.0,63.0,61.0,185.0,0.9900525212287903,-1.0,-1.0,-1.0,632.0,63.0,0.0,0.0,-1.0
257.0,-1.0,667.0,27.0,64.0,169.0,0.9458704590797424,-1.0,-1.0,-1.0,667.0,27.0,0.0,0.0,-1.0
258.0,-1.0,631.0,68.0,62.0,180.0,0.9851740002632141,-1.0,-1.0,-1.0,631.0,68.0,0.0,0.0,-1.0
258.0,-1.0,655.0,25.0,76.0,184.0,0.9458432197570801,-1.0,-1.0,-1.0,655.0,25.0,0.0,0.0,-1.0
259.0,-1.0,628.0,65.0,63.0,184.0,0.9851490259170532,-1.0,-1.0,-1.0,628.0,65.0,0.0,0.0,-1.0
259.0,-1.0,659.0,28.0,75.0,171.0,0.9840379953384399,-1.0,-1.0,-1.0,659.0,28.0,0.0,0.0,-1.0
260.0,-1.0,628.0,64.0,62.0,182.0,0.9891268610954285,-1.0,-1.0,-1.0,628.0,64.0,0.0,0.0,-1.0
260.0,-1.0,662.0,29.0,71.0,177.0,0.969241201877594,-1.0,-1.0,-1.0,662.0,29.0,0.0,0.0,-1.0
261.0,-1.0,629.0,66.0,66.0,180.0,0.9813507795333862,-1.0,-1.0,-1.0,629.0,66.0,0.0,0.0,-1.0
261.0,-1.0,652.0,30.0,82.0,175.0,0.9768837094306946,-1.0,-1.0,-1.0,652.0,30.0,0.0,0.0,-1.0
261.0,-1.0,641.0,42.0,71.0,203.0,0.7009910941123962,-1.0,-1.0,-1.0,641.0,42.0,0.0,0.0,-1.0
262.0,-1.0,629.0,69.0,65.0,177.0,0.9894256591796875,-1.0,-1.0,-1.0,629.0,69.0,0.0,0.0,-1.0
262.0,-1.0,656.0,30.0,80.0,177.0,0.9688712954521179,-1.0,-1.0,-1.0,656.0,30.0,0.0,0.0,-1.0
262.0,-1.0,640.0,45.0,72.0,199.0,0.7139614224433899,-1.0,-1.0,-1.0,640.0,45.0,0.0,0.0,-1.0
263.0,-1.0,632.0,71.0,64.0,182.0,0.9926027655601501,-1.0,-1.0,-1.0,632.0,71.0,0.0,0.0,-1.0
263.0,-1.0,654.0,39.0,73.0,192.0,0.9699416160583496,-1.0,-1.0,-1.0,654.0,39.0,0.0,0.0,-1.0
264.0,-1.0,633.0,69.0,64.0,187.0,0.991105854511261,-1.0,-1.0,-1.0,633.0,69.0,0.0,0.0,-1.0
264.0,-1.0,656.0,44.0,68.0,194.0,0.9425290822982788,-1.0,-1.0,-1.0,656.0,44.0,0.0,0.0,-1.0
265.0,-1.0,636.0,73.0,55.0,190.0,0.9904345273971558,-1.0,-1.0,-1.0,636.0,73.0,0.0,0.0,-1.0
265.0,-1.0,665.0,40.0,70.0,181.0,0.9327293038368225,-1.0,-1.0,-1.0,665.0,40.0,0.0,0.0,-1.0
266.0,-1.0,658.0,37.0,80.0,188.0,0.9850339293479919,-1.0,-1.0,-1.0,658.0,37.0,0.0,0.0,-1.0
266.0,-1.0,636.0,73.0,56.0,194.0,0.9813005924224854,-1.0,-1.0,-1.0,636.0,73.0,0.0,0.0,-1.0
267.0,-1.0,636.0,69.0,58.0,200.0,0.9904432892799377,-1.0,-1.0,-1.0,636.0,69.0,0.0,0.0,-1.0
267.0,-1.0,671.0,35.0,71.0,189.0,0.9894132614135742,-1.0,-1.0,-1.0,671.0,35.0,0.0,0.0,-1.0
268.0,-1.0,636.0,68.0,59.0,201.0,0.992084264755249,-1.0,-1.0,-1.0,636.0,68.0,0.0,0.0,-1.0
268.0,-1.0,674.0,36.0,70.0,191.0,0.9858998656272888,-1.0,-1.0,-1.0,674.0,36.0,0.0,0.0,-1.0
269.0,-1.0,636.0,66.0,60.0,203.0,0.9931902289390564,-1.0,-1.0,-1.0,636.0,66.0,0.0,0.0,-1.0
269.0,-1.0,682.0,34.0,65.0,193.0,0.9860742688179016,-1.0,-1.0,-1.0,682.0,34.0,0.0,0.0,-1.0
270.0,-1.0,636.0,66.0,61.0,204.0,0.9919833540916443,-1.0,-1.0,-1.0,636.0,66.0,0.0,0.0,-1.0
270.0,-1.0,682.0,36.0,66.0,194.0,0.9841593503952026,-1.0,-1.0,-1.0,682.0,36.0,0.0,0.0,-1.0
271.0,-1.0,638.0,66.0,58.0,204.0,0.9927980899810791,-1.0,-1.0,-1.0,638.0,66.0,0.0,0.0,-1.0
271.0,-1.0,686.0,36.0,65.0,195.0,0.9899213314056396,-1.0,-1.0,-1.0,686.0,36.0,0.0,0.0,-1.0
272.0,-1.0,638.0,68.0,60.0,205.0,0.9932410717010498,-1.0,-1.0,-1.0,638.0,68.0,0.0,0.0,-1.0
272.0,-1.0,685.0,34.0,68.0,195.0,0.9894213676452637,-1.0,-1.0,-1.0,685.0,34.0,0.0,0.0,-1.0
273.0,-1.0,636.0,68.0,62.0,207.0,0.9913056492805481,-1.0,-1.0,-1.0,636.0,68.0,0.0,0.0,-1.0
273.0,-1.0,687.0,36.0,68.0,194.0,0.9881194233894348,-1.0,-1.0,-1.0,687.0,36.0,0.0,0.0,-1.0
274.0,-1.0,636.0,68.0,64.0,207.0,0.9919471144676208,-1.0,-1.0,-1.0,636.0,68.0,0.0,0.0,-1.0
274.0,-1.0,690.0,38.0,68.0,191.0,0.9869084358215332,-1.0,-1.0,-1.0,690.0,38.0,0.0,0.0,-1.0
275.0,-1.0,640.0,69.0,63.0,207.0,0.9947185516357422,-1.0,-1.0,-1.0,640.0,69.0,0.0,0.0,-1.0
275.0,-1.0,690.0,43.0,70.0,187.0,0.9918720126152039,-1.0,-1.0,-1.0,690.0,43.0,0.0,0.0,-1.0
276.0,-1.0,642.0,71.0,60.0,208.0,0.9930604696273804,-1.0,-1.0,-1.0,642.0,71.0,0.0,0.0,-1.0
276.0,-1.0,686.0,45.0,75.0,192.0,0.9908711314201355,-1.0,-1.0,-1.0,686.0,45.0,0.0,0.0,-1.0
277.0,-1.0,694.0,46.0,70.0,197.0,0.9961929321289062,-1.0,-1.0,-1.0,694.0,46.0,0.0,0.0,-1.0
277.0,-1.0,640.0,72.0,63.0,214.0,0.9916218519210815,-1.0,-1.0,-1.0,640.0,72.0,0.0,0.0,-1.0
278.0,-1.0,695.0,47.0,71.0,196.0,0.9965134263038635,-1.0,-1.0,-1.0,695.0,47.0,0.0,0.0,-1.0
278.0,-1.0,642.0,70.0,60.0,219.0,0.99428790807724,-1.0,-1.0,-1.0,642.0,70.0,0.0,0.0,-1.0
279.0,-1.0,696.0,49.0,73.0,198.0,0.9965881109237671,-1.0,-1.0,-1.0,696.0,49.0,0.0,0.0,-1.0
279.0,-1.0,644.0,72.0,58.0,220.0,0.9924885034561157,-1.0,-1.0,-1.0,644.0,72.0,0.0,0.0,-1.0
280.0,-1.0,695.0,51.0,74.0,202.0,0.9958927631378174,-1.0,-1.0,-1.0,695.0,51.0,0.0,0.0,-1.0
280.0,-1.0,644.0,74.0,58.0,222.0,0.9910955429077148,-1.0,-1.0,-1.0,644.0,74.0,0.0,0.0,-1.0
281.0,-1.0,697.0,53.0,75.0,201.0,0.9940603375434875,-1.0,-1.0,-1.0,697.0,53.0,0.0,0.0,-1.0
281.0,-1.0,643.0,80.0,58.0,218.0,0.9895170331001282,-1.0,-1.0,-1.0,643.0,80.0,0.0,0.0,-1.0
282.0,-1.0,696.0,52.0,72.0,201.0,0.9930335283279419,-1.0,-1.0,-1.0,696.0,52.0,0.0,0.0,-1.0
282.0,-1.0,643.0,82.0,55.0,217.0,0.9898695349693298,-1.0,-1.0,-1.0,643.0,82.0,0.0,0.0,-1.0
283.0,-1.0,696.0,52.0,74.0,198.0,0.9956088662147522,-1.0,-1.0,-1.0,696.0,52.0,0.0,0.0,-1.0
283.0,-1.0,640.0,82.0,55.0,214.0,0.9873500466346741,-1.0,-1.0,-1.0,640.0,82.0,0.0,0.0,-1.0
284.0,-1.0,695.0,53.0,76.0,195.0,0.995830237865448,-1.0,-1.0,-1.0,695.0,53.0,0.0,0.0,-1.0
284.0,-1.0,642.0,82.0,55.0,215.0,0.99240642786026,-1.0,-1.0,-1.0,642.0,82.0,0.0,0.0,-1.0
285.0,-1.0,695.0,54.0,75.0,196.0,0.9955364465713501,-1.0,-1.0,-1.0,695.0,54.0,0.0,0.0,-1.0
285.0,-1.0,642.0,82.0,55.0,216.0,0.9928176403045654,-1.0,-1.0,-1.0,642.0,82.0,0.0,0.0,-1.0
286.0,-1.0,694.0,55.0,77.0,199.0,0.9966217279434204,-1.0,-1.0,-1.0,694.0,55.0,0.0,0.0,-1.0
286.0,-1.0,641.0,82.0,56.0,219.0,0.9925353527069092,-1.0,-1.0,-1.0,641.0,82.0,0.0,0.0,-1.0
287.0,-1.0,694.0,56.0,79.0,203.0,0.996797502040863,-1.0,-1.0,-1.0,694.0,56.0,0.0,0.0,-1.0
287.0,-1.0,642.0,81.0,57.0,222.0,0.9947835803031921,-1.0,-1.0,-1.0,642.0,81.0,0.0,0.0,-1.0
288.0,-1.0,694.0,57.0,79.0,207.0,0.9967689514160156,-1.0,-1.0,-1.0,694.0,57.0,0.0,0.0,-1.0
288.0,-1.0,643.0,82.0,57.0,218.0,0.9952589869499207,-1.0,-1.0,-1.0,643.0,82.0,0.0,0.0,-1.0
289.0,-1.0,643.0,83.0,63.0,218.0,0.9959707856178284,-1.0,-1.0,-1.0,643.0,83.0,0.0,0.0,-1.0
289.0,-1.0,698.0,56.0,82.0,218.0,0.994814932346344,-1.0,-1.0,-1.0,698.0,56.0,0.0,0.0,-1.0
290.0,-1.0,642.0,83.0,64.0,217.0,0.9962693452835083,-1.0,-1.0,-1.0,642.0,83.0,0.0,0.0,-1.0
290.0,-1.0,699.0,56.0,80.0,218.0,0.9951810240745544,-1.0,-1.0,-1.0,699.0,56.0,0.0,0.0,-1.0
291.0,-1.0,643.0,82.0,75.0,220.0,0.9942750334739685,-1.0,-1.0,-1.0,643.0,82.0,0.0,0.0,-1.0
291.0,-1.0,704.0,58.0,81.0,223.0,0.9926655888557434,-1.0,-1.0,-1.0,704.0,58.0,0.0,0.0,-1.0
292.0,-1.0,641.0,84.0,75.0,218.0,0.9958258867263794,-1.0,-1.0,-1.0,641.0,84.0,0.0,0.0,-1.0
292.0,-1.0,704.0,59.0,83.0,225.0,0.9938684105873108,-1.0,-1.0,-1.0,704.0,59.0,0.0,0.0,-1.0
293.0,-1.0,640.0,85.0,78.0,220.0,0.9958977103233337,-1.0,-1.0,-1.0,640.0,85.0,0.0,0.0,-1.0
293.0,-1.0,704.0,59.0,82.0,226.0,0.9939507246017456,-1.0,-1.0,-1.0,704.0,59.0,0.0,0.0,-1.0
294.0,-1.0,644.0,85.0,87.0,220.0,0.9957893490791321,-1.0,-1.0,-1.0,644.0,85.0,0.0,0.0,-1.0
294.0,-1.0,706.0,59.0,88.0,225.0,0.9950839877128601,-1.0,-1.0,-1.0,706.0,59.0,0.0,0.0,-1.0
295.0,-1.0,708.0,59.0,91.0,224.0,0.996586799621582,-1.0,-1.0,-1.0,708.0,59.0,0.0,0.0,-1.0
295.0,-1.0,644.0,84.0,83.0,224.0,0.9946451187133789,-1.0,-1.0,-1.0,644.0,84.0,0.0,0.0,-1.0
296.0,-1.0,647.0,90.0,83.0,221.0,0.9962736368179321,-1.0,-1.0,-1.0,647.0,90.0,0.0,0.0,-1.0
296.0,-1.0,709.0,59.0,91.0,224.0,0.9943463206291199,-1.0,-1.0,-1.0,709.0,59.0,0.0,0.0,-1.0
297.0,-1.0,645.0,90.0,83.0,224.0,0.9968624114990234,-1.0,-1.0,-1.0,645.0,90.0,0.0,0.0,-1.0
297.0,-1.0,712.0,58.0,92.0,230.0,0.9950358271598816,-1.0,-1.0,-1.0,712.0,58.0,0.0,0.0,-1.0
298.0,-1.0,642.0,91.0,87.0,229.0,0.9967067837715149,-1.0,-1.0,-1.0,642.0,91.0,0.0,0.0,-1.0
298.0,-1.0,716.0,62.0,103.0,228.0,0.9939284324645996,-1.0,-1.0,-1.0,716.0,62.0,0.0,0.0,-1.0
299.0,-1.0,646.0,91.0,86.0,236.0,0.9970176219940186,-1.0,-1.0,-1.0,646.0,91.0,0.0,0.0,-1.0
299.0,-1.0,723.0,61.0,95.0,229.0,0.9956992864608765,-1.0,-1.0,-1.0,723.0,61.0,0.0,0.0,-1.0
300.0,-1.0,722.0,63.0,93.0,231.0,0.9955321550369263,-1.0,-1.0,-1.0,722.0,63.0,0.0,0.0,-1.0
300.0,-1.0,642.0,95.0,90.0,233.0,0.9940754175186157,-1.0,-1.0,-1.0,642.0,95.0,0.0,0.0,-1.0
301.0,-1.0,642.0,96.0,94.0,229.0,0.995686948299408,-1.0,-1.0,-1.0,642.0,96.0,0.0,0.0,-1.0
301.0,-1.0,726.0,64.0,93.0,232.0,0.9948285222053528,-1.0,-1.0,-1.0,726.0,64.0,0.0,0.0,-1.0
302.0,-1.0,649.0,98.0,92.0,231.0,0.996842622756958,-1.0,-1.0,-1.0,649.0,98.0,0.0,0.0,-1.0
302.0,-1.0,725.0,69.0,97.0,233.0,0.9949350953102112,-1.0,-1.0,-1.0,725.0,69.0,0.0,0.0,-1.0
303.0,-1.0,654.0,98.0,87.0,228.0,0.9957553148269653,-1.0,-1.0,-1.0,654.0,98.0,0.0,0.0,-1.0
303.0,-1.0,727.0,69.0,96.0,236.0,0.9956399202346802,-1.0,-1.0,-1.0,727.0,69.0,0.0,0.0,-1.0
304.0,-1.0,654.0,99.0,92.0,227.0,0.9977728724479675,-1.0,-1.0,-1.0,654.0,99.0,0.0,0.0,-1.0
304.0,-1.0,729.0,68.0,95.0,243.0,0.9951131939888,-1.0,-1.0,-1.0,729.0,68.0,0.0,0.0,-1.0
305.0,-1.0,648.0,99.0,102.0,235.0,0.9981593489646912,-1.0,-1.0,-1.0,648.0,99.0,0.0,0.0,-1.0
305.0,-1.0,732.0,74.0,97.0,239.0,0.9930092096328735,-1.0,-1.0,-1.0,732.0,74.0,0.0,0.0,-1.0
306.0,-1.0,646.0,101.0,104.0,236.0,0.9980140924453735,-1.0,-1.0,-1.0,646.0,101.0,0.0,0.0,-1.0
306.0,-1.0,729.0,74.0,101.0,241.0,0.9946967363357544,-1.0,-1.0,-1.0,729.0,74.0,0.0,0.0,-1.0
